{"stats":{"minecraft:killed":{"minecraft:trader_llama":2,"minecraft:wandering_trader":1},"minecraft:picked_up":{"minecraft:repeater":1,"minecraft:leather":3,"minecraft:lead":1,"minecraft:lever":2,"minecraft:redstone_torch":56,"minecraft:redstone":38},"minecraft:custom":{"minecraft:time_since_rest":218720,"minecraft:crouch_one_cm":6098,"minecraft:sprint_one_cm":1321,"minecraft:play_time":218720,"minecraft:walk_one_cm":189676,"minecraft:sneak_time":17846,"minecraft:mob_kills":3,"minecraft:jump":348,"minecraft:damage_dealt":1010,"minecraft:leave_game":3,"minecraft:time_since_death":218720,"minecraft:total_world_time":353175,"minecraft:fly_one_cm":2010429},"minecraft:used":{"minecraft:redstone_torch":349,"minecraft:yellow_wool":538,"minecraft:netherite_block":50,"minecraft:netherite_sword":12,"minecraft:sticky_piston":39,"minecraft:piston":6,"minecraft:white_wool":1106,"minecraft:lever":14,"minecraft:black_wool":758,"minecraft:repeater":168,"minecraft:redstone_lamp":24,"minecraft:comparator":3,"minecraft:red_wool":219,"minecraft:deepslate_tile_stairs":6,"minecraft:grass_block":177,"minecraft:redstone":2543,"minecraft:oak_sign":11,"minecraft:green_wool":511,"minecraft:blue_wool":506,"minecraft:redstone_block":25,"minecraft:smooth_stone":23,"minecraft:deepslate_tiles":56}},"DataVersion":3120}